{
  "main": {
    "id": "105ecf79699a375c",
    "type": "split",
    "children": [
      {
        "id": "4866d5f048b5d9c7",
        "type": "tabs",
        "children": [
          {
            "id": "249003ee3d4d6118",
            "type": "leaf",
            "state": {
              "type": "markdown",
              "state": {
                "file": "README.md",
                "mode": "source",
                "source": false
              }
            }
          },
          {
            "id": "4c518bbc9e8e77b3",
            "type": "leaf",
            "state": {
              "type": "empty",
              "state": {}
            }
          }
        ]
      }
    ],
    "direction": "vertical"
  },
  "left": {
    "id": "1a1f23f9aea3302b",
    "type": "split",
    "children": [
      {
        "id": "6a6cbd63beae929d",
        "type": "tabs",
        "children": [
          {
            "id": "d16e9d873315a3c6",
            "type": "leaf",
            "state": {
              "type": "file-explorer",
              "state": {
                "sortOrder": "alphabetical"
              }
            }
          },
          {
            "id": "2c41f7e3530b07bd",
            "type": "leaf",
            "state": {
              "type": "search",
              "state": {
                "query": "",
                "matchingCase": false,
                "explainSearch": false,
                "collapseAll": false,
                "extraContext": false,
                "sortOrder": "alphabetical"
              }
            }
          },
          {
            "id": "a8affc2e49d70ac0",
            "type": "leaf",
            "state": {
              "type": "bookmarks",
              "state": {}
            }
          }
        ]
      }
    ],
    "direction": "horizontal",
    "width": 300
  },
  "right": {
    "id": "195449d9e74a0364",
    "type": "split",
    "children": [
      {
        "id": "511d66b46813a52b",
        "type": "tabs",
        "children": [
          {
            "id": "7f275f2496f3515e",
            "type": "leaf",
            "state": {
              "type": "backlink",
              "state": {
                "file": "README.md",
                "collapseAll": false,
                "extraContext": false,
                "sortOrder": "alphabetical",
                "showSearch": false,
                "searchQuery": "",
                "backlinkCollapsed": false,
                "unlinkedCollapsed": true
              }
            }
          },
          {
            "id": "7795b8cd3db72e74",
            "type": "leaf",
            "state": {
              "type": "outgoing-link",
              "state": {
                "file": "README.md",
                "linksCollapsed": false,
                "unlinkedCollapsed": true
              }
            }
          },
          {
            "id": "3d7bb90dfea44374",
            "type": "leaf",
            "state": {
              "type": "tag",
              "state": {
                "sortOrder": "frequency",
                "useHierarchy": true
              }
            }
          },
          {
            "id": "ef0aeccbf415dd82",
            "type": "leaf",
            "state": {
              "type": "outline",
              "state": {
                "file": "README.md"
              }
            }
          }
        ],
        "currentTab": 3
      }
    ],
    "direction": "horizontal",
    "width": 300
  },
  "left-ribbon": {
    "hiddenItems": {
      "switcher:Open quick switcher": false,
      "graph:Open graph view": false,
      "canvas:Create new canvas": false,
      "daily-notes:Open today's daily note": false,
      "templates:Insert template": false,
      "command-palette:Open command palette": false
    }
  },
  "active": "249003ee3d4d6118",
  "lastOpenFiles": [
    "docs/book/overlap.md",
    "README.md",
    "docs/attachments/VNINDEX_ohlc_data_2000-07-28_to_2023-11-30.csv",
    "docs/attachments/REE_ohlc_data_2000-07-28_to_2023-11-30.csv",
    "docs/vnstock-ta_demo_notebook.ipynb",
    "docs/book"
  ]
}